Label,Quadrant,Ring,Moved,Url
Smart-Building-IoT im Betrieb,0,0,0,https://www.marketreportsworld.com/market-reports/proptech-market-14722130
Cloud-basierte PropTech-Plattformen,0,0,0,https://www.marketreportsworld.com/market-reports/proptech-market-14722130
Asset-Management-Plattformen für Gewerbeimmobilien,0,0,0,https://www.marketreportsworld.com/market-reports/proptech-market-14722130
5G-gestützte Gebäudevernetzung,0,1,0,https://proptechjobs.com/smart-buildings-industry-landscape-and-projections-2025-2030/
KI-gestütztes Immobilienmanagement,1,0,0,https://creti.org/insights/2025-emerging-trends-in-proptech-ai-takes-center-stage
Eingebettete Analytics in B2B-SaaS,1,1,0,https://www.iccube.com/blog/top-proptech-data-trends-to-watch-in-2025
KI für Sofortangebote und digitale Transaktionen,1,1,0,https://technews180.com/blog/proptech-trends/
Advanced Analytics in der Immobilienbranche,1,2,0,https://www.buildingengines.com/wp-content/uploads/2024/12/The-state-of-commercial-property-management-technology-2025.pdf
3D-Digitale Zwillinge und virtuelle Besichtigungen,2,1,0,https://technews180.com/blog/proptech-trends/
Mietererlebnis durch gebäudebezogene Services,2,1,0,https://proptechjobs.com/smart-buildings-industry-landscape-and-projections-2025-2030/
Social Media als CRE-Vertriebskanal,2,2,0,https://crecontentpro.com/top-6-proptech-trends-in-2025-to-future-proof-your-cre-marketing-2/
Blockchain für Immobilien-Transaktionen,2,3,0,https://proprli.com/knowledge-center/proptech-outlook-2025-future-trends-in-technology-for-commercial-real-estate/
PropTech als wachsender Kernmarkt,3,0,0,https://www.marketreportsworld.com/market-reports/proptech-market-14722130
Gewerbeimmobilien als Haupttreiber,3,0,0,https://www.marketreportsworld.com/market-reports/proptech-market-14722130
Nachhaltiges Energiemanagement in Gebäuden,3,1,0,https://proptechjobs.com/smart-buildings-industry-landscape-and-projections-2025-2030/
Demokratisierte Immobilieninvestments / Fractional Ownership,3,1,0,https://technews180.com/blog/proptech-trends/
